{
  "ham": {
    "precision": 0.9878987898789879,
    "recall": 0.9944629014396457,
    "f1-score": 0.9911699779249448,
    "support": 903.0
  },
  "spam": {
    "precision": 0.96,
    "recall": 0.916030534351145,
    "f1-score": 0.9375,
    "support": 131.0
  },
  "accuracy": 0.9845261121856866,
  "macro avg": {
    "precision": 0.973949394939494,
    "recall": 0.9552467178953954,
    "f1-score": 0.9643349889624724,
    "support": 1034.0
  },
  "weighted avg": {
    "precision": 0.9843642236564083,
    "recall": 0.9845261121856866,
    "f1-score": 0.9843703965824228,
    "support": 1034.0
  }
}